Index,Phase,DelH,DelS,Tm/K ,DelO,DelR,DelK,Erms,VEC,e/a
0,1,-1.2128,14.6919,1683.82,20.4,3.8498,0.1092,0.040823,8.28,1.73
1,0,-16.9883,11.5186,1912.38,1.3,3.3279,0.0335,0.024383,4.22,2.03
2,0,-2.6038,12.7211,2401.22,11.73,5.2897,0.2981,0.024638,4.76,1.53
3,2,-14.23,15.5473,1716.09,1.87,5.7588,0.1328,0.037094,7.28,1.91
4,2,-0.3518,12.8819,1684.11,61.67,2.395,0.1548,0.03774,8.43,1.72
5,1,-4.2928,11.5821,1895.98,5.12,2.8743,0.1202,0.040241,8.5,1.74
6,2,-0.3941,12.5736,1881.7,60.03,2.5896,0.1113,0.039448,6.72,1.71
7,0,-4.9059,9.6082,1855.13,3.63,2.9008,0.0991,0.03402,7.44,1.73
8,0,2.4344,12.4354,2654.74,13.56,3.4009,0.0951,0.025485,4.62,1.69
9,0,-4.1885,14.8703,2765.88,9.82,3.3003,0.333,0.03045,5.15,1.66
10,2,-9.8663,13.2414,1737.53,2.33,4.5528,0.1146,0.037227,7.57,1.91
11,0,1.1371,11.2338,2339.94,23.12,4.3951,0.1019,0.01308,4.14,2.0
12,0,-3.4915,12.6236,2449.96,8.86,5.3051,0.3205,0.025805,4.9,1.48
13,0,-0.3211,12.4861,2181.73,84.84,5.8405,0.1165,0.020614,4.33,1.86
14,2,-4.5115,15.9961,1745.45,6.19,4.0296,0.1194,0.037302,7.86,1.76
15,0,-15.1206,13.2563,2021.58,1.77,2.9849,0.2201,0.02551,4.46,1.91
16,2,-11.9071,11.465,1601.46,1.54,5.429,0.1092,0.036543,7.81,2.2
17,0,-13.44,13.3809,2205.0,2.2,3.3322,0.0445,0.026226,4.4,2.0
18,1,-3.375,14.6919,1773.8,7.72,4.2772,0.1221,0.040819,8.37,1.64
19,2,-7.14,11.8937,1768.92,2.95,3.9038,0.1016,0.037705,7.5,1.9
20,0,-1.92,13.3809,2543.55,17.73,5.2286,0.3075,0.020961,4.6,1.8
21,0,-5.4688,9.827,1841.22,3.31,3.2448,0.1005,0.033777,7.38,1.75
22,0,-7.8524,12.2677,1410.59,2.2,5.9266,0.1251,0.021389,6.15,2.14
23,1,-5.6259,12.7211,1877.13,4.24,1.9323,0.104,0.049051,8.06,1.77
24,2,-8.752,14.6919,1713.2,2.88,4.0233,0.1393,0.037704,7.55,1.91
25,0,-7.5987,12.4105,1422.98,2.32,5.9089,0.1252,0.021658,6.23,2.12
26,2,-3.7453,13.3302,1561.74,5.56,5.2791,0.1213,0.037256,7.15,1.87
27,1,-1.2128,14.6919,1683.82,20.4,3.8498,0.1092,0.040823,8.28,1.73
28,0,-13.3374,13.9283,1693.99,1.77,5.6243,0.1222,0.025099,7.16,1.98
29,0,-5.76,10.9232,3030.05,5.75,2.627,0.3294,0.032527,5.4,1.4
31,1,-4.9781,12.2598,1589.83,3.92,4.6648,0.0973,0.023249,8.43,2.0
32,2,-13.6754,16.1783,1665.56,1.97,6.128,0.1426,0.036887,7.28,1.86
33,1,-6.1142,12.9776,1847.19,3.92,4.0725,0.1958,0.038923,8.83,1.17
34,0,-5.0,11.5257,2225.65,5.13,8.1455,0.1231,0.026216,4.75,1.5
35,1,-6.3222,14.2419,1756.04,3.96,3.1552,0.139,0.051515,7.8,1.85
36,0,-2.7045,13.253,2349.52,11.51,5.9588,0.2621,0.027605,4.82,1.64
37,1,-6.8103,12.7211,1802.63,3.37,3.3131,0.1062,0.046306,7.94,1.83
38,2,-12.6735,18.2677,1704.9,2.46,5.4527,0.1457,0.037543,7.0,1.89
39,0,-3.25,11.5257,2762.15,9.8,3.8807,0.2563,0.033384,5.25,1.5
40,2,-8.3409,13.0307,1771.56,2.77,3.987,0.1105,0.037251,7.76,1.87
41,1,-17.6,13.3809,1551.69,1.18,6.5796,0.1535,0.026045,7.2,2.0
42,2,-7.6219,14.5193,1733.9,3.3,3.6479,0.1393,0.037739,7.66,1.88
43,1,-3.512,12.6674,1779.97,6.42,1.7559,0.1183,0.043832,8.44,1.89
44,0,-1.776,10.5916,2093.0,12.48,6.3135,0.1199,0.017794,4.22,2.0
46,0,-2.72,13.3809,2367.55,11.65,5.8051,0.2752,0.026632,4.8,1.6
47,2,-3.68,13.3809,1591.09,5.79,5.1887,0.1242,0.037256,7.6,1.8
49,1,3.52,13.3809,1758.04,6.68,1.0732,0.0922,0.042638,8.8,1.6
50,1,-11.6,9.6752,1114.38,0.93,4.839,0.1561,0.073885,4.1,2.85
51,0,-6.0879,11.2834,3066.89,5.68,2.6303,0.3439,0.032552,5.43,1.43
52,0,2.44,11.4419,2443.6,11.46,3.9012,0.0986,0.022068,4.45,1.75
53,0,-1.9714,13.1503,2425.11,16.18,5.1661,0.3084,0.022449,4.67,1.56
54,0,-0.72,12.2283,2154.75,36.6,5.9876,0.1177,0.01982,4.3,1.9
55,0,-6.5973,12.6236,1742.36,3.33,3.5916,0.1358,0.032399,7.47,1.86
56,0,-14.2644,13.2563,1606.59,1.49,5.8463,0.1247,0.023849,6.82,2.09
57,0,-10.0922,13.2481,2351.28,3.09,3.2533,0.2478,0.027355,4.74,1.92
58,0,-13.25,11.5257,1649.43,1.43,5.7293,0.1221,0.027614,6.75,2.0
59,2,-6.3141,15.8204,1794.16,4.5,4.0595,0.1235,0.037592,7.54,1.79
60,2,-0.4155,14.8966,1785.28,64.01,2.8084,0.1396,0.038205,7.84,1.67
61,0,-12.96,13.3809,2708.95,2.8,3.3528,0.1392,0.026304,5.2,1.8
63,1,-5.6,13.3809,1851.52,4.42,3.5369,0.1749,0.042638,8.6,1.4
64,0,-5.8217,13.1503,3003.41,6.78,2.4646,0.361,0.030794,5.33,1.56
65,2,0.3752,12.0101,1717.78,54.99,2.9036,0.1041,0.036903,8.77,1.66
66,2,4.75,14.4071,2135.3,6.48,22.4335,0.5195,0.036873,10.5,2.0
67,0,-2.72,13.3809,2367.55,11.65,5.8051,0.2752,0.026632,4.8,1.6
68,0,-1.6,13.3809,2432.55,20.34,5.2286,0.3059,0.021387,4.6,1.6
69,1,-6.1967,14.6919,1824.95,4.33,2.6301,0.1376,0.053992,7.73,1.82
70,1,-4.434,12.8845,1636.16,4.75,4.7393,0.1198,0.039556,8.17,1.79
71,2,-12.32,13.3809,1673.17,1.82,5.3228,0.1206,0.037181,7.2,2.0
72,2,-5.5524,12.9776,1612.97,3.77,5.0617,0.123,0.03687,8.0,1.83
73,1,-2.0,11.5257,1781.86,10.27,3.9105,0.1443,0.028721,9.25,1.5
74,2,-2.516,13.3531,1617.4,8.58,4.8879,0.1217,0.037281,7.78,1.75
75,2,-1.916,11.9675,1947.32,12.16,2.7333,0.103,0.03952,6.55,1.7
76,0,1.875,12.4226,2316.65,15.35,4.3825,0.1072,0.016906,4.25,1.88
77,2,-5.2984,14.6919,1603.36,4.45,5.0687,0.124,0.036661,7.82,1.82
78,0,0.6144,14.6919,2542.71,60.8,4.5475,0.2274,0.022233,4.54,1.73
79,1,-6.8066,11.5843,1849.01,3.15,3.3357,0.1033,0.036483,8.66,1.96
80,1,-2.24,13.3809,1767.04,10.56,2.9232,0.1037,0.039488,8.6,1.8
81,2,-3.7232,13.2289,1814.56,6.45,1.9729,0.1355,0.038085,7.76,1.74
82,1,-9.0459,15.4572,1771.47,3.03,5.0401,0.1284,0.041789,7.84,1.77
83,0,-0.2032,14.8538,2557.98,186.99,4.7023,0.258,0.022826,4.61,1.7
84,0,-1.776,13.1503,2487.48,18.42,5.3428,0.3219,0.022432,4.67,1.56
85,2,-8.2903,14.6281,1721.77,3.04,3.8747,0.1393,0.037715,7.6,1.9
86,0,2.36,11.1836,2376.8,11.26,3.9649,0.099,0.02097,4.4,1.75
87,1,-4.0757,13.3037,1786.54,5.83,1.9916,0.1332,0.04985,8.17,1.83
88,0,-15.12,12.5108,2120.3,1.75,3.1559,0.0788,0.021108,4.2,1.9
89,2,-10.8171,14.5301,1717.32,2.31,6.0534,0.1371,0.037538,6.85,1.72
90,1,-2.3266,15.472,1700.9,11.31,3.9343,0.1129,0.042059,8.15,1.74
91,0,-17.9244,14.8966,1403.33,1.17,6.2912,0.2183,0.007838,8.16,2.0
92,2,-2.3401,13.2481,1579.61,8.94,5.2118,0.1234,0.037451,7.4,1.78
93,2,-5.0766,16.007,1758.53,5.54,4.0488,0.1208,0.037382,7.77,1.77
94,1,-5.5,11.5257,1785.9,3.74,2.3163,0.1505,0.051812,8.0,1.75
95,2,-6.0355,14.8523,1587.99,3.91,5.257,0.1229,0.03689,7.6,1.89
96,2,-9.6349,14.2128,1483.26,2.19,5.9902,0.1305,0.036851,6.87,2.07
97,2,-9.6391,14.7899,1696.06,2.6,4.2926,0.1394,0.037681,7.45,1.93
98,1,-4.64,13.3809,2064.52,5.95,4.4302,0.1612,0.049678,7.8,1.6
99,2,-8.9375,13.8633,1768.61,2.74,5.801,0.1303,0.037801,6.75,1.63
100,0,-11.6727,13.3702,1691.66,1.94,5.133,0.1191,0.025206,7.31,1.98
101,2,-6.6071,13.0138,1591.27,3.13,5.3282,0.1258,0.036862,7.84,1.87
103,0,2.125,10.9819,2584.03,13.35,2.9829,0.0803,0.025779,4.63,1.63
107,0,-15.4475,12.9776,1550.23,1.3,6.1331,0.1266,0.022892,6.5,2.17
108,0,-0.8911,14.8966,2573.26,43.02,4.825,0.281,0.023378,4.67,1.67
109,2,-9.6606,14.7919,1695.63,2.6,4.2989,0.1394,0.03768,7.45,1.93
110,0,-15.4475,12.9776,1550.23,1.3,6.1331,0.1266,0.022892,6.5,2.17
111,2,-8.39,14.3159,1694.39,2.89,4.7744,0.1169,0.037124,7.6,1.9
113,0,-2.1156,14.8966,2705.19,19.05,4.6699,0.3516,0.023322,4.67,1.83
114,2,-1.46,12.3287,1824.1,15.4,2.023,0.1346,0.03849,7.65,1.6
115,0,-1.776,10.5916,2093.0,12.48,6.3135,0.1199,0.017794,4.22,2.0
116,2,-1.1394,12.3468,1917.54,20.78,2.6707,0.1072,0.039481,6.63,1.7
117,0,-11.5132,14.8538,2303.61,2.97,4.3434,0.116,0.019576,4.22,1.96
118,2,-3.52,11.0757,1862.72,5.86,2.0226,0.1298,0.038692,7.4,1.6
119,0,-4.5,11.5257,2511.65,6.43,6.1595,0.0568,0.03042,5.0,1.5
120,2,-8.3727,14.2251,1657.36,2.82,4.941,0.1189,0.036708,7.92,1.92
121,0,-3.9663,12.5998,2248.91,7.14,4.4511,0.1236,0.016838,4.19,1.81
122,2,-3.1909,15.7797,1717.14,8.49,3.9786,0.1156,0.037133,8.04,1.75
123,0,-1.2061,11.7327,2124.87,20.67,6.148,0.1189,0.018889,4.26,1.95
124,0,-13.4076,13.3449,1637.93,1.63,5.6263,0.1229,0.024383,7.0,2.05
125,1,-9.0116,13.4579,1797.03,2.68,4.0778,0.1137,0.04556,7.79,1.84
126,0,-3.68,13.3809,2754.35,10.02,3.4333,0.3197,0.029945,5.0,1.8
127,1,-0.6775,12.7953,1633.19,30.84,3.6601,0.0769,0.028896,8.9,1.9
128,0,-3.3008,13.2563,2414.58,9.7,5.6657,0.3003,0.027288,4.91,1.55
129,2,-5.3896,15.6239,1639.45,4.75,4.8626,0.121,0.037004,7.74,1.84
130,0,-3.4699,13.1555,2431.44,9.22,5.6108,0.3071,0.027546,4.95,1.53
131,0,-12.6483,12.5736,1708.98,1.7,5.7938,0.1476,0.027907,6.71,1.95
132,2,-7.9151,14.6423,1539.51,2.85,5.6712,0.1273,0.036871,7.26,1.97
133,0,-16.84,14.5334,2157.1,1.86,4.3789,0.2171,0.021152,4.3,1.9
135,1,-0.3518,12.8819,1684.11,61.67,2.395,0.1548,0.051288,8.43,1.72
136,1,-4.0757,12.6346,1854.36,5.75,1.4264,0.1151,0.051046,8.05,1.72
137,1,0.6529,13.0189,1679.88,33.5,3.8889,0.1139,0.045128,8.22,1.64
138,0,-4.9021,12.7211,2427.53,6.3,3.5997,0.0458,0.028298,4.64,1.83
139,2,-3.6179,14.8966,1586.56,6.53,4.5315,0.137,0.037712,7.33,1.84
140,1,-10.8182,12.8695,1845.04,2.19,4.4486,0.1222,0.04109,8.08,1.82
141,0,-7.5756,14.6919,2366.6,4.59,4.2835,0.115,0.019973,4.27,1.91
142,1,-3.9001,12.1904,1882.88,5.89,1.9478,0.1088,0.047916,8.2,1.73
143,2,-4.2268,14.6919,1607.03,5.59,5.0334,0.1217,0.037065,7.73,1.82
147,2,-6.24,13.3809,1583.12,3.39,5.2696,0.1295,0.036376,7.8,1.8
148,1,-6.0072,10.6752,1704.05,3.03,3.7384,0.0767,0.032039,8.54,2.08
149,0,-0.875,12.9664,2340.15,34.68,5.1172,0.2663,0.017304,4.38,1.75
150,1,-5.0244,12.1904,1835.92,4.45,2.27,0.1008,0.04713,8.12,1.78
151,0,-11.6719,13.3195,1837.31,2.1,5.9668,0.1976,0.027949,6.38,1.88
152,1,-2.3266,15.472,1700.9,11.31,3.9343,0.1129,0.042059,8.15,1.74
153,0,-3.5183,11.7674,1781.57,5.96,2.7961,0.1303,0.034978,7.33,1.78
154,2,-2.7734,11.3644,1980.05,8.11,2.7996,0.0982,0.039554,6.47,1.69
155,0,1.2921,11.3547,2365.93,20.79,4.381,0.1018,0.013925,4.17,2.0
156,2,-6.3633,15.7797,1700.2,4.22,5.0095,0.1268,0.036915,7.97,1.75
157,0,-15.25,11.5257,2117.71,1.6,2.0246,0.2524,0.023777,4.5,1.75
158,2,-5.4654,12.3096,1745.92,3.93,3.5412,0.1297,0.038848,7.19,1.84
159,0,-2.72,13.3809,2367.55,11.65,5.8051,0.2752,0.026632,4.8,1.6
160,0,-6.4922,11.5068,3158.34,5.6,2.6057,0.3651,0.032614,5.53,1.52
161,0,-2.56,13.3809,2596.35,13.57,3.5167,0.2405,0.029996,5.0,1.6
162,0,-17.44,13.3809,1976.2,1.52,5.5635,0.1092,0.0223,4.2,2.0
163,0,-2.75,11.5257,2428.15,10.18,3.4857,0.2503,0.029634,5.0,1.5
164,1,-0.9371,8.2002,1530.88,13.4,8.7078,0.1914,0.057575,6.97,1.83
165,2,-10.0434,14.8242,1687.92,2.49,4.4092,0.1393,0.03767,7.4,1.94
166,0,-14.2644,13.2563,1606.59,1.49,5.8463,0.1247,0.023849,6.82,2.09
167,0,-13.3498,15.8474,1668.88,1.98,5.8613,0.134,0.022989,7.25,1.92
168,2,-12.48,13.3809,1623.37,1.74,5.1387,0.136,0.038105,6.8,2.0
169,2,-6.7832,12.7741,1462.06,2.75,5.8144,0.1251,0.03716,6.49,2.05
170,0,-2.662,12.9776,2335.09,11.38,6.0284,0.251,0.028388,4.83,1.67
171,0,-3.0943,13.333,2396.29,10.33,5.723,0.2917,0.027035,4.87,1.57
172,0,-9.2234,14.3459,1498.28,2.33,5.9199,0.1298,0.021069,6.97,2.04
173,1,-1.0,11.5257,1024.47,11.81,8.7513,0.2033,0.024592,5.13,2.0
174,2,-16.7975,14.8966,1587.08,1.41,6.4044,0.1471,0.036412,7.51,2.0
175,2,-4.4896,14.8966,1621.97,5.38,4.8669,0.1189,0.036902,7.84,1.83
176,1,1.245,13.1503,1672.76,17.67,3.9519,0.1105,0.044915,7.88,1.67
177,0,-7.7167,13.2948,1753.34,3.02,4.3087,0.1321,0.033371,7.04,1.85
178,2,-12.0175,14.7834,1685.51,2.07,6.1851,0.1408,0.037374,6.92,1.77
179,0,-5.3796,10.358,2995.38,5.77,2.6159,0.3123,0.032503,5.37,1.37
180,1,-3.7232,13.2289,1814.56,6.45,1.9729,0.1355,0.055695,7.76,1.74
181,1,-7.917,12.9555,1780.44,2.91,3.8132,0.1094,0.045749,7.81,1.86
182,1,-10.6219,13.3544,1862.58,2.34,4.5525,0.129,0.041421,8.06,1.8
183,0,-15.36,17.9911,1628.45,1.91,5.7064,0.1424,0.024321,6.6,2.0
184,1,-5.36,11.8583,1856.68,4.11,2.2144,0.0901,0.049488,8.0,1.9
185,0,-2.3621,13.1503,2401.57,13.37,5.4708,0.3223,0.019731,4.56,1.67
186,0,-1.12,13.3809,2699.75,32.25,4.9911,0.3071,0.025425,4.8,1.6
187,0,0.6144,14.6919,2542.71,60.8,4.5475,0.2274,0.022233,4.54,1.73
188,0,-5.1507,11.7534,2207.32,5.04,4.6217,0.1832,0.036962,6.24,1.71
189,0,-1.4598,12.3001,2276.61,19.18,4.3982,0.1228,0.016988,4.21,1.79
190,2,-15.4417,15.5456,1682.07,1.69,5.9674,0.1341,0.037075,7.09,1.96
191,0,-24.6151,13.2563,1941.5,1.05,4.7739,0.1269,0.01507,3.91,2.09
192,2,-5.564,13.0984,1507.69,3.55,5.6266,0.124,0.037204,6.79,1.97
193,0,-0.72,12.2283,2154.75,36.6,5.9876,0.1177,0.01982,4.3,1.9
194,2,-9.2257,14.3452,1498.16,2.33,5.9203,0.1298,0.036856,6.97,2.04
195,0,-9.3407,12.9,1660.31,2.29,4.6863,0.1272,0.032354,6.75,1.96
196,0,-4.5438,13.3262,2929.56,8.59,3.4771,0.3426,0.0334,5.43,1.58
197,2,-11.9444,12.9122,1682.71,1.82,5.1181,0.1204,0.036778,7.7,2.0
198,2,-13.2588,13.3552,1643.58,1.66,5.5837,0.1226,0.03716,7.03,2.04
199,0,-20.7959,14.8383,1683.07,1.2,6.4126,0.1385,0.022917,6.64,2.03
200,1,-11.75,9.6752,1098.27,0.9,4.839,0.1614,0.072954,4.2,2.9
201,0,-31.376,14.8966,1783.45,0.85,8.7014,0.1898,0.021639,5.66,2.17
202,0,-16.1269,12.6365,1503.96,1.18,6.2798,0.1273,0.022086,6.24,2.23
203,1,-2.331,10.6238,1916.53,8.73,2.8415,0.1111,0.05181,7.92,1.8
204,1,-9.0116,13.4579,1797.03,2.68,4.0778,0.1137,0.04556,7.79,1.84
205,0,-1.0629,13.2563,2457.89,30.65,5.0158,0.2918,0.022651,4.64,1.55
206,0,-4.3616,11.2974,2132.62,5.52,4.7308,0.1073,0.018714,4.24,1.81
207,0,-13.0304,14.865,1618.94,1.85,5.175,0.1386,0.026737,7.0,2.04
208,0,-2.6038,12.7211,2401.22,11.73,5.2897,0.2981,0.024638,4.76,1.53
210,1,-5.0204,13.9149,1722.99,4.78,3.824,0.1081,0.03959,8.33,1.83
211,1,5.0328,11.6964,1752.22,4.07,1.4409,0.1008,0.047126,8.73,1.51
212,0,-1.6,13.3809,2432.55,20.34,5.2286,0.3059,0.021387,4.6,1.6
213,0,-2.5265,12.2598,2312.0,11.22,6.0347,0.2323,0.029597,4.86,1.72
214,2,-4.8965,14.6919,1573.72,4.72,5.0687,0.1165,0.036642,8.0,1.91
215,0,-24.1986,11.8367,1829.62,0.89,3.452,0.0888,0.0193,3.84,2.33
216,0,2.14,9.9956,2243.2,10.48,4.0826,0.0999,0.01858,4.3,1.75
217,2,-10.8344,13.3274,1713.86,2.11,4.8739,0.117,0.03721,7.43,1.94
218,0,1.2587,12.5998,2529.39,25.32,4.0358,0.1741,0.02372,4.58,1.71
219,0,-3.2688,10.8372,2481.79,8.23,2.8823,0.2709,0.02811,5.0,1.39
220,1,-4.44,14.5334,1715.61,5.62,4.0544,0.1112,0.042796,8.0,1.8
221,1,-6.3222,14.2419,1756.04,3.96,3.1552,0.139,0.051515,7.8,1.85
222,0,-0.0178,13.1503,2382.21,1759.93,4.9131,0.2528,0.019659,4.45,1.67
223,2,-10.8589,14.8735,1670.78,2.29,4.6338,0.1393,0.037647,7.3,1.97
224,1,3.52,13.3809,1758.04,6.68,1.0732,0.0922,0.042638,8.8,1.6
225,0,-3.4696,13.1555,2430.96,9.22,5.6017,0.3072,0.0275,4.95,1.53
226,2,-6.24,13.3809,1583.12,3.39,5.2696,0.1295,0.036376,7.8,1.8
227,1,-3.375,14.6919,1773.8,7.72,4.2772,0.1221,0.040819,8.37,1.64
228,0,-14.0,11.5257,1971.71,1.62,5.0547,0.2448,0.026379,4.75,1.75
229,1,-3.9001,12.1904,1882.88,5.89,1.9478,0.1088,0.047916,8.2,1.73
230,2,-10.5401,13.3053,1721.26,2.17,4.7789,0.1163,0.037215,7.47,1.93
231,0,-16.4198,12.2598,1461.46,1.09,6.3511,0.1271,0.021322,6.0,2.29
232,1,-12.4727,13.6858,1811.9,1.99,4.8829,0.1253,0.040356,7.91,1.86
233,0,-13.44,13.3809,2205.0,2.2,3.3322,0.0445,0.026226,4.4,2.0
234,0,-2.6152,12.8074,2399.3,11.75,5.3278,0.2969,0.024757,4.77,1.53
235,0,-3.808,14.4157,2421.73,9.17,4.2199,0.1139,0.020313,4.32,1.87
236,1,-6.8103,12.7211,1802.63,3.37,3.3131,0.1062,0.046306,7.94,1.83
237,1,-11.0198,11.0668,1753.57,1.76,4.4315,0.119,0.042962,8.02,1.92
238,2,0.32,12.9458,1785.48,72.23,2.0226,0.1381,0.038288,7.9,1.6
239,0,-5.0332,10.3724,1405.18,2.9,25.9587,0.3818,0.028016,4.45,1.44
240,0,-22.4504,13.3412,1985.81,1.18,4.7559,0.1271,0.015337,3.95,2.05
241,1,-7.1867,12.8074,1795.23,3.2,3.4918,0.1073,0.046121,7.89,1.84
242,0,-4.864,13.4631,2302.73,6.37,4.5422,0.1049,0.021154,4.34,1.86
243,1,-4.0,11.5257,1705.36,4.91,2.3163,0.1429,0.04473,8.5,2.0
244,0,2.14,9.9956,2243.2,10.48,4.0826,0.0999,0.01858,4.3,1.75
245,0,-4.64,13.3809,2945.75,8.49,3.514,0.3429,0.0333,5.4,1.6
246,0,-9.4787,17.9127,1774.4,3.35,5.0839,0.148,0.026588,7.36,1.79
247,1,-4.1144,13.2934,1788.66,5.78,2.0116,0.1364,0.050644,8.07,1.82
248,0,-14.9772,11.2338,3145.7,2.36,2.4117,0.3059,0.030702,5.86,1.43
249,0,-13.3374,13.9283,1693.99,1.77,5.6243,0.1222,0.025099,7.16,1.98
250,0,1.75,11.5257,2456.9,16.18,4.3108,0.1006,0.016543,4.25,2.0
251,0,-17.868,14.6919,1696.57,1.39,6.0729,0.1337,0.023847,6.91,2.0
252,0,-16.2686,15.7406,1673.58,1.62,4.9795,0.1381,0.027823,6.64,2.09
253,2,-4.67,9.8711,1862.98,3.94,2.0077,0.0859,0.038014,7.85,1.9
254,2,-7.1481,12.6323,1445.86,2.56,5.8607,0.1252,0.037145,6.38,2.08
255,1,-0.92,9.7131,1749.58,18.47,1.8496,0.1321,0.059458,7.6,1.9
256,0,-2.5265,12.2598,2312.0,11.22,6.0347,0.2323,0.029597,4.86,1.72
257,2,-13.5263,14.8966,1648.68,1.82,6.3215,0.1448,0.037183,6.99,1.84
258,0,-3.6729,10.693,2515.83,7.32,2.8438,0.2829,0.028562,5.08,1.36
259,2,-9.2238,14.748,1704.2,2.72,4.169,0.1394,0.037692,7.5,1.92
261,2,-7.4565,14.5264,1685.23,3.28,4.9088,0.1205,0.037251,7.41,1.84
262,2,-0.92,9.7131,1749.58,18.47,1.8496,0.1321,0.039116,7.6,1.9
263,2,-12.0768,13.9789,1740.15,2.01,5.0283,0.1211,0.037212,7.44,1.92
264,1,-0.8817,9.6698,1524.73,16.72,2.9217,0.1675,0.039599,9.23,1.69
265,0,-9.5675,14.215,1482.63,2.2,5.9874,0.1305,0.020791,6.87,2.07
266,2,-8.752,14.6919,1713.2,2.88,4.0233,0.1393,0.037704,7.55,1.91
267,0,-13.75,11.5257,1558.93,1.31,5.833,0.1176,0.019404,7.5,2.25
268,1,-10.508,13.7565,1861.1,2.44,17.7407,0.3867,0.041203,9.11,2.26
269,1,-11.6448,11.0734,1893.42,1.8,4.8906,0.1289,0.051352,7.53,1.71
270,1,0.94,14.2419,1796.28,27.22,3.486,0.1024,0.043531,8.65,1.58
271,1,-2.6702,13.078,1743.02,8.54,3.4189,0.0943,0.046725,8.01,1.86
272,1,-2.335,10.5904,1887.22,8.56,2.4229,0.1,0.051032,8.03,1.83
273,0,-16.4198,12.2598,1461.46,1.09,6.3511,0.1271,0.021322,6.0,2.29
275,1,-4.189,14.0087,1764.48,5.9,3.4095,0.1065,0.044512,8.09,1.78
276,0,-6.2566,12.706,2337.53,4.75,3.3871,0.2443,0.028775,4.88,1.59
277,0,-2.5,11.5257,2415.65,11.14,4.9654,0.3074,0.023732,4.75,1.5
278,0,-5.28,13.3809,2897.35,7.34,2.3423,0.3561,0.029298,5.2,1.6
279,0,-4.4516,12.5736,2351.01,6.64,6.613,0.3341,0.019101,4.57,1.71
280,1,-1.7372,13.3053,1633.84,12.51,4.6692,0.1199,0.043809,7.9,1.72
281,2,-5.9547,15.9057,1783.34,4.76,4.0573,0.1228,0.037527,7.61,1.78
282,0,2.36,12.8408,2356.0,12.82,4.3105,0.1128,0.01843,4.3,1.8
283,0,0.2466,2.5146,1980.97,20.2,1.5228,0.0313,0.00905,4.04,1.98
284,1,-7.8165,14.553,1730.34,3.22,3.7153,0.1392,0.050745,7.65,1.88
285,2,-16.3696,14.2251,1707.56,1.48,5.7724,0.1307,0.036834,7.23,2.0
286,2,-16.529,14.8966,1642.03,1.48,6.4159,0.151,0.036448,7.16,1.84
287,0,-5.5,11.5257,2555.65,5.36,5.7366,0.2616,0.030526,5.25,1.5
288,0,0.0817,9.3147,2328.31,265.45,2.8673,0.1204,0.025938,4.62,1.54
289,0,-26.4,13.3809,1633.77,0.83,6.8086,0.15,0.01759,6.8,2.2
291,0,-21.6031,14.8966,1715.67,1.18,6.4913,0.1415,0.022849,6.67,2.0
292,0,-7.2705,12.6674,1709.14,2.98,4.1188,0.1288,0.033372,7.0,1.89
293,0,-1.776,13.1503,2466.36,18.26,5.0726,0.3094,0.02245,4.67,1.56
294,2,-5.28,13.3809,1518.69,3.85,5.2696,0.1115,0.036336,8.2,2.0
295,2,-8.0,11.5257,1446.36,2.08,5.755,0.1246,0.035523,8.25,2.0
296,1,-6.9688,13.0919,1683.14,3.16,4.4151,0.1082,0.034745,8.0,1.94
297,0,-0.25,11.5257,2522.9,116.31,3.7073,0.046,0.029141,4.75,1.75
299,1,-13.5918,14.8966,1942.75,2.13,6.1916,0.1423,0.054045,7.51,1.67
300,1,-3.512,12.6674,1779.97,6.42,1.7559,0.1183,0.043832,0.0,1.89
301,2,-9.1233,13.1503,1754.54,2.53,4.2876,0.1126,0.037239,7.66,1.89
302,2,2.7688,13.1503,1697.27,8.06,2.1202,0.148,0.037707,8.44,1.56
303,2,-3.4648,14.8744,1642.59,7.05,4.5801,0.116,0.036909,7.99,1.8
304,1,-4.1446,12.8074,1928.29,5.96,2.9283,0.1267,0.048363,8.1,1.7
305,2,-12.7553,13.3053,1643.47,1.71,5.4647,0.1205,0.037018,7.28,2.07
306,2,-9.0483,12.0102,1740.38,2.31,4.8372,0.1095,0.037575,7.47,2.03
307,0,-15.4671,13.3274,2102.13,1.81,4.6636,0.1265,0.016018,4.06,1.94
308,0,-2.1169,14.8966,2516.31,17.71,5.3253,0.2568,0.027477,4.83,1.67
309,0,-3.2012,12.7309,2431.09,9.67,5.3236,0.3129,0.025436,4.85,1.5
310,1,-4.0384,12.5736,1907.65,5.94,2.544,0.1191,0.04816,8.14,1.71
311,1,0.6529,13.0189,1679.88,33.5,3.8889,0.1139,0.045128,8.22,1.64
312,0,-4.64,13.3809,2945.75,8.49,3.514,0.3429,0.0333,5.4,1.6
313,1,-0.3272,12.8898,1685.47,66.4,2.3947,0.1549,0.051288,8.44,1.72
314,2,-15.2953,14.6919,1603.75,1.54,6.4529,0.1491,0.036949,7.09,1.91
315,0,2.72,13.3809,2508.35,12.34,4.098,0.1116,0.020838,4.4,1.8
316,2,-8.7537,17.6939,1788.31,3.61,4.9913,0.1483,0.037639,7.43,1.77
317,0,-13.3498,15.8474,1668.88,1.98,5.8613,0.134,0.022989,7.25,1.92
318,2,4.9375,12.9664,1653.26,4.34,1.9682,0.1455,0.03802,8.5,1.63
319,2,-13.888,14.2129,1713.16,1.75,5.4485,0.1252,0.037187,7.24,1.96
320,0,-2.62,10.8357,2440.65,10.09,2.9119,0.2495,0.027558,4.9,1.43
321,0,-1.2312,12.8074,2281.32,23.73,5.9965,0.1955,0.025387,4.6,1.7
322,0,-2.7025,13.3274,2378.13,11.73,5.6761,0.2826,0.026022,4.79,1.58
323,1,-4.0384,12.5736,1907.65,5.94,2.544,0.1191,0.04816,8.14,1.71
324,0,-2.7111,13.2563,2350.23,11.49,5.9557,0.2626,0.027602,4.82,1.64
325,0,-14.9484,14.2419,1683.57,1.6,5.6979,0.127,0.024447,7.07,2.0
326,1,-2.24,13.3809,1767.04,10.56,2.9232,0.1037,0.039488,8.6,1.8
327,2,-13.3304,15.8562,1668.7,1.98,5.8629,0.1341,0.03701,7.25,1.92
328,1,-7.6305,16.1783,1700.16,3.6,4.7617,0.125,0.044296,7.42,1.86
329,1,-0.96,9.9232,1720.69,17.79,1.9764,0.1383,0.060828,7.5,1.9
330,2,-10.575,15.7406,1735.61,2.58,5.3663,0.1307,0.037041,7.65,1.82
331,0,-23.3691,14.5301,1604.43,1.0,6.5993,0.1384,0.021318,6.14,2.14
332,1,-7.3742,12.5736,1861.71,3.17,3.3359,0.1117,0.04658,8.05,1.76
333,0,-2.7025,13.3274,2378.13,11.73,5.6761,0.2826,0.026022,4.79,1.58
334,0,-1.666,10.3297,2216.64,13.74,6.4508,0.1072,0.028964,4.67,1.83
335,0,-7.5753,12.324,1811.33,2.95,19.4675,0.3441,0.024833,3.87,1.43
336,1,-4.614,12.8916,1779.67,4.97,2.8647,0.1012,0.041231,8.47,1.82
337,0,-1.2061,11.7327,2124.87,20.67,6.148,0.1189,0.018889,4.26,1.95
338,0,-1.8125,8.9254,2206.03,10.86,6.1727,0.0978,0.03086,4.75,1.88
339,2,-3.8664,15.9251,1731.38,7.13,4.0049,0.1176,0.037217,7.95,1.75
341,1,-9.7716,13.231,1739.75,2.36,4.52,0.1143,0.044709,7.58,1.91
342,0,1.1532,12.8819,2326.87,25.99,5.7958,0.1313,0.022624,4.43,1.71
343,2,-9.6444,13.2165,1742.71,2.39,4.4754,0.114,0.037231,7.59,1.91
344,1,-4.8343,12.6674,1811.35,4.75,1.8648,0.1298,0.04703,8.33,1.78
345,0,-5.6911,12.5736,2488.49,5.5,3.4032,0.258,0.028576,4.9,1.81
346,0,-6.4922,11.5068,3158.34,5.6,2.6057,0.3651,0.032614,5.53,1.52
348,2,-13.0305,13.1503,1622.9,1.64,5.559,0.1201,0.036905,7.33,2.11
349,2,-9.2016,14.7455,1704.63,2.73,4.1623,0.1394,0.037692,7.5,1.92
350,1,-0.96,9.9232,1720.69,17.79,1.9764,0.1383,0.060828,7.5,1.9
351,0,-15.96,15.686,1623.89,1.6,5.1661,0.1426,0.026863,6.8,2.1
352,1,5.0159,11.6964,1660.37,3.87,1.9695,0.0312,0.028664,9.48,1.76
353,0,-4.64,13.3809,2945.75,8.49,3.514,0.3429,0.0333,5.4,1.6
354,0,-14.8209,14.8966,2243.81,2.26,4.3902,0.1167,0.019173,4.17,2.0
355,1,-8.271,13.0189,1773.04,2.79,3.9589,0.1103,0.045561,7.77,1.87
356,0,-12.13,13.9283,1697.51,1.95,5.3838,0.1308,0.025109,7.18,1.98
357,0,-12.48,13.3809,1623.37,1.74,5.1387,0.136,0.029675,6.8,2.0
358,0,-7.8435,14.6919,1644.78,3.08,5.092,0.1202,0.023923,7.54,1.91
359,2,1.82,13.2758,1746.86,12.74,2.0214,0.1405,0.038085,8.15,1.6
361,2,-8.7292,14.6889,1713.63,2.88,4.0161,0.1393,0.037704,7.55,1.91
363,0,-3.9842,14.7337,1595.67,5.9,4.318,0.1471,0.02861,7.61,1.81
364,0,-16.2058,14.1545,2369.07,2.07,5.65,0.2485,0.047117,4.58,1.79
365,1,-16.32,13.3809,1873.12,1.54,5.9157,0.1415,0.042944,7.4,1.8
366,0,1.4314,10.8372,2249.99,17.03,5.1518,0.115,0.021597,4.39,1.7
367,0,-8.452,13.1503,2344.88,3.65,3.5031,0.0454,0.027547,4.55,1.89
368,2,-10.4979,14.855,1678.49,2.38,4.536,0.1393,0.037657,7.35,1.96
369,1,4.96,13.3809,1982.44,5.35,4.3066,0.1612,0.049328,8.2,1.4
370,2,-13.3379,12.8074,1597.77,1.53,5.67,0.1194,0.036766,7.4,2.17
371,2,4.125,12.9664,1679.14,5.28,1.8631,0.126,0.037422,8.88,1.63
372,1,3.04,13.3809,1708.24,7.52,2.0195,0.1418,0.052193,8.4,1.6
373,0,-14.6021,14.8744,1743.45,1.78,5.1284,0.123,0.02674,6.89,2.0
374,1,-4.1103,14.2419,1834.31,6.36,2.8203,0.156,0.05271,7.92,1.77
375,0,-14.2843,13.8786,2367.35,2.3,3.5909,0.0984,0.023889,4.34,1.93
376,0,-1.1165,10.2464,2371.72,21.77,2.8977,0.1895,0.026564,4.73,1.5
377,0,-9.8109,12.8513,2150.98,2.82,5.8395,0.2032,0.029299,7.28,1.55
378,0,-0.3211,12.4861,2181.73,84.84,5.8405,0.1165,0.020614,4.33,1.86
379,0,-13.4076,13.3449,1637.93,1.63,5.6263,0.1229,0.024383,7.0,2.05
380,1,-3.4203,13.9343,1731.51,7.05,3.709,0.1018,0.045127,8.0,1.83
381,0,-4.9021,12.7211,2427.53,6.3,3.5997,0.0458,0.028298,4.64,1.83
382,1,-4.44,14.5334,1715.61,5.62,4.0544,0.1112,0.042796,8.0,1.8
383,0,-13.6,13.3809,2120.2,2.09,5.1798,0.2273,0.027783,4.8,1.6
384,1,-0.4993,12.2532,1703.95,41.82,3.3341,0.1073,0.041305,8.66,1.68
385,0,-19.36,13.3809,2041.2,1.41,4.7201,0.127,0.015665,4.0,2.0
387,2,-4.2044,13.3568,1596.9,5.07,5.1665,0.1242,0.037169,7.69,1.81
388,1,-4.1548,12.8276,1930.36,5.96,2.9629,0.1274,0.048383,8.09,1.7
389,2,-7.9062,14.6437,1539.68,2.85,5.6695,0.1273,0.036871,7.27,1.97
390,1,1.6186,14.8966,1718.95,15.82,1.9076,0.1359,0.047995,8.5,1.67
391,1,-4.84,11.7645,1833.39,4.46,1.5341,0.1183,0.045291,8.45,1.75
392,1,-0.4,12.9458,1312.14,42.47,5.3881,0.2254,0.020172,2.8,2.0
393,0,-16.96,13.3809,2089.0,1.65,6.0028,0.2976,0.023757,5.6,2.0
394,2,-4.0007,15.4567,1690.4,6.53,4.5291,0.119,0.036923,8.11,1.74
395,0,-4.8499,14.8703,2798.58,8.58,5.2715,0.3203,0.034434,5.48,1.49
396,0,-4.0925,10.7652,2183.45,5.74,5.7889,0.0486,0.027944,4.8,1.55
397,2,-8.2277,14.5264,1651.7,2.92,5.0228,0.1199,0.036857,7.74,1.92
398,0,-0.8712,13.3112,2567.36,39.23,4.3374,0.2549,0.024888,4.72,1.64
399,1,-3.5357,12.5736,1945.57,6.92,2.7004,0.1491,0.048137,8.14,1.76
401,1,-4.44,14.5334,1715.61,5.62,4.0544,0.1112,0.042796,8.0,1.8
402,2,-1.4085,14.7337,1582.92,16.56,4.3167,0.143,0.037542,7.93,1.73
403,1,5.0328,11.6964,1752.22,4.07,1.4409,0.1008,0.047126,8.73,1.51
404,0,-15.4669,15.5398,1682.23,1.69,5.9684,0.1341,0.023392,7.09,1.96
405,0,-11.3111,12.9449,1604.42,1.84,5.1492,0.1251,0.031127,6.46,2.04
406,2,-11.6727,13.3702,1691.66,1.94,5.133,0.1191,0.037194,7.31,1.98
407,0,-22.9299,12.8841,2008.86,1.13,3.5675,0.0935,0.020942,4.0,2.2
408,0,-6.1382,12.7211,3066.09,6.35,2.5339,0.3625,0.031645,5.41,1.53
409,1,-23.25,11.5257,1487.61,0.74,6.7688,0.1669,0.009164,7.0,2.0
410,1,-4.0757,13.3037,1786.54,5.83,1.9916,0.1332,0.04985,8.17,1.83
411,0,-1.76,13.3809,2586.35,19.66,4.4432,0.281,0.025452,4.8,1.6
412,0,-2.5265,12.2598,2312.0,11.22,6.0347,0.2323,0.029597,4.86,1.72
413,0,-12.7783,13.0189,2334.94,2.38,6.7653,0.227,0.029553,6.27,1.32
414,2,4.9375,12.9664,1653.26,4.34,1.9682,0.1455,0.03802,8.5,1.63
415,2,-1.6103,14.6919,1638.5,14.95,3.9123,0.1428,0.037771,7.91,1.73
416,2,-4.9,11.0645,1860.88,4.2,2.0816,0.0874,0.038005,7.9,1.9
417,0,0.9714,11.0734,2313.94,26.38,4.4067,0.102,0.012178,4.12,2.0
418,0,-15.4669,15.5398,1682.23,1.69,5.9684,0.1341,0.023392,7.09,1.96
419,0,-14.3097,14.2251,1651.74,1.64,6.1006,0.1632,0.023839,6.46,2.08
420,1,-0.2362,13.1503,1663.44,92.61,4.2012,0.1162,0.044661,8.11,1.67
421,0,-8.452,13.1503,2344.88,3.65,3.5031,0.0454,0.027547,4.55,1.89
422,0,-18.24,13.3809,3201.35,2.35,2.3796,0.3248,0.029372,5.8,1.6
423,0,-4.832,10.8669,2127.57,4.78,3.9782,0.147,0.037242,6.28,1.69
424,1,-4.0757,12.6346,1854.36,5.75,1.4264,0.1151,0.051046,8.05,1.72
425,0,-2.199,13.3053,2333.58,14.12,5.89,0.2503,0.026149,4.72,1.64
426,0,-13.4569,11.9966,1354.58,1.21,21.2868,0.3121,0.048792,5.11,1.78
427,1,-6.8103,12.7211,1802.63,3.37,3.3131,0.1062,0.046306,7.94,1.83
428,0,-6.9073,13.6358,2546.59,5.03,3.5041,0.099,0.025234,4.5,1.8
429,2,-6.8776,14.7907,1569.31,3.37,5.4458,0.125,0.036877,7.47,1.93
430,1,-17.6,13.3809,1551.69,1.18,6.5796,0.1535,0.026045,7.2,2.0
431,1,-6.26,13.3763,1854.15,3.96,2.4811,0.1136,0.051555,7.95,1.85
432,1,-4.1446,12.8074,1928.29,5.96,2.9283,0.1267,0.048363,8.1,1.7
433,1,-4.7187,13.7127,1781.75,5.18,2.4024,0.1385,0.052273,7.95,1.81
434,1,-0.2362,13.1503,1663.44,92.61,4.2012,0.1162,0.044661,8.11,1.67
435,1,-4.465,14.3697,1711.34,5.51,6.5023,0.1452,0.040819,7.86,1.59
436,0,-24.7113,14.8966,1908.76,1.15,10.6852,0.2533,0.01634,6.83,1.83
437,1,-2.2044,12.5942,1676.18,9.58,4.0149,0.113,0.040594,8.46,1.73
438,0,2.64,10.9232,2358.65,9.76,4.1232,0.1071,0.021068,4.4,1.7
440,2,-6.3239,16.0001,1662.75,4.21,4.8288,0.1229,0.03713,7.62,1.85
441,1,-2.24,13.3809,1767.04,10.56,2.9232,0.1037,0.039488,8.6,1.8
442,0,-17.0348,14.592,1692.67,1.45,5.9701,0.1318,0.024028,6.96,2.0
443,0,-1.44,13.3809,2661.35,24.73,4.2088,0.2832,0.025454,4.8,1.6
444,1,0.6529,13.0189,1679.88,33.5,3.8889,0.1139,0.045128,8.22,1.64
445,0,-10.4375,13.8633,1448.8,1.92,6.1132,0.1315,0.020217,6.63,2.13
446,0,0.7716,14.8703,2443.01,47.08,5.7326,0.1203,0.023982,4.48,1.83
447,0,-1.456,13.2563,2404.88,21.9,5.2814,0.301,0.020476,4.55,1.64
448,0,0.1875,12.9664,2250.78,155.65,5.8431,0.1279,0.017983,4.25,1.88
449,2,-13.8125,17.2885,1728.99,2.16,5.7804,0.1403,0.037263,7.0,1.88
450,2,-1.0583,13.3531,1626.13,20.52,4.6392,0.1159,0.037317,7.58,1.75
451,2,-3.8198,14.8744,1599.76,6.23,4.5112,0.1428,0.03771,7.64,1.8
452,0,0.3564,3.3656,2003.76,18.92,1.8035,0.0373,0.010054,4.06,1.97
453,1,-10.6219,13.3544,1862.58,2.34,4.5525,0.129,0.041421,8.06,1.8
454,1,-5.2653,13.9283,1773.18,4.69,2.684,0.1387,0.052022,7.9,1.82
455,2,-9.4288,11.2338,1649.0,1.96,4.8073,0.0969,0.036536,8.15,2.14
456,0,-4.9539,14.8966,1579.54,4.75,4.7691,0.1425,0.027363,7.49,1.84
457,1,4.76,12.5736,1723.82,4.55,2.5801,0.067,0.03068,9.33,1.71
458,1,-4.434,12.8845,1636.16,4.75,4.7393,0.1198,0.039556,8.17,1.79
459,2,-15.52,14.5334,1773.15,1.66,5.6301,0.1316,0.037196,7.3,1.9
460,1,-5.3504,14.3623,1809.56,4.86,2.416,0.1381,0.053344,7.85,1.81
461,2,-10.9788,13.337,1710.16,2.08,4.9197,0.1174,0.037207,7.41,1.95
463,2,-15.0483,13.4833,1715.87,1.54,5.5099,0.127,0.036604,7.47,2.0
464,1,-3.7232,13.2289,1814.56,6.45,1.9729,0.1355,0.055695,7.76,1.74
466,0,-13.9368,14.6919,1718.35,1.81,5.2062,0.1226,0.026104,7.0,2.0
467,2,-0.47,14.3159,1736.82,52.9,3.0386,0.1032,0.037009,8.4,1.7
468,2,-8.4993,14.5301,1522.14,2.6,5.7866,0.1285,0.036862,7.14,2.0
469,2,0.0953,14.4157,1665.62,251.95,3.3577,0.1426,0.037814,8.1,1.68
470,2,-8.158,15.9229,1707.58,3.33,5.3393,0.1322,0.036911,7.85,1.75
471,2,-7.6013,16.1783,1699.39,3.62,4.7614,0.125,0.037328,7.43,1.86
472,0,-0.96,10.9232,2244.75,25.54,6.3714,0.1188,0.022474,4.5,1.6
473,0,0.7856,11.6296,2269.22,33.59,5.1973,0.1598,0.022028,4.44,1.68
474,0,3.5,11.5257,2652.15,8.73,3.7469,0.1161,0.023076,4.5,1.75
475,1,-3.768,13.1728,1793.26,6.27,1.9749,0.1364,0.052592,7.93,1.8
476,2,-9.8434,15.9873,1715.96,2.79,5.625,0.1372,0.036908,7.74,1.76
477,1,-11.04,13.3809,1718.64,2.08,5.8583,0.1388,0.026193,8.4,1.8
478,0,-7.2705,12.6674,1709.14,2.98,4.1188,0.1288,0.033372,7.0,1.89
479,0,-5.4071,12.3113,2276.29,5.18,5.0406,0.209,0.036718,6.2,1.72
480,0,-4.5,11.5257,2959.65,7.58,3.7982,0.3419,0.033326,5.25,1.75
481,1,-0.3518,12.8819,1684.11,61.67,2.395,0.1548,0.051288,8.43,1.72
482,1,-4.16,13.3809,1790.32,5.76,2.074,0.1384,0.052524,8.0,1.8
483,2,5.0,12.9664,1693.53,4.39,1.9682,0.1471,0.038044,8.25,1.5
484,0,-5.28,13.3809,2587.35,6.56,5.5536,0.2394,0.030996,5.2,1.4
485,0,-4.005,10.3962,1796.74,4.66,1.8531,0.1184,0.030061,8.35,1.85
486,2,-6.8622,14.7845,1567.91,3.38,5.447,0.1249,0.036882,7.46,1.92
487,0,-2.25,11.5257,1908.11,9.77,2.6247,0.1021,0.037363,6.5,1.75
488,0,-10.4375,13.8633,1448.8,1.92,6.1132,0.1315,0.020217,6.63,2.13
489,0,-1.7884,13.1503,2310.06,16.99,5.9414,0.2287,0.025809,4.67,1.67
490,2,2.9092,12.8819,1783.19,7.9,1.723,0.1287,0.038357,8.0,1.57
491,1,-4.8343,12.6674,1811.35,4.75,1.8648,0.1298,0.04703,8.33,1.78
492,0,-3.8514,10.5584,2535.69,6.95,2.8174,0.2878,0.028833,5.13,1.34
493,1,-7.917,12.9555,1780.44,2.91,3.8132,0.1094,0.045749,7.81,1.86
494,1,-5.2653,13.9283,1773.18,4.69,2.684,0.1387,0.052022,7.9,1.82
495,0,2.36,11.1836,2376.8,11.26,3.9649,0.099,0.02097,4.4,1.75
496,2,-8.76,14.5334,1628.15,2.7,5.2968,0.1253,0.036781,7.5,1.9
497,0,-4.4096,12.631,2346.49,6.72,4.0852,0.1014,0.020862,4.34,1.86
498,2,-8.5068,14.538,1523.95,2.6,5.7827,0.1285,0.03686,7.15,2.0
499,2,3.75,12.9664,1719.41,5.95,1.8631,0.1351,0.037446,8.63,1.5
500,1,-8.271,13.0189,1773.04,2.79,3.9589,0.1103,0.045561,7.77,1.87
501,0,-2.7111,13.2563,2350.23,11.49,5.9557,0.2626,0.027602,4.82,1.64
502,2,-5.5825,12.9776,1613.74,3.75,5.0619,0.123,0.036874,8.0,1.83
503,2,-3.0817,13.3531,1585.69,6.87,5.2031,0.1239,0.037348,7.5,1.79
504,2,-8.0,11.5257,1446.36,2.08,5.755,0.1246,0.035523,8.25,2.0
505,2,-8.6544,13.1503,1536.39,2.33,5.5275,0.1146,0.036431,7.89,2.11
506,0,-2.662,12.9776,2335.09,11.38,6.0284,0.251,0.028388,4.83,1.67
507,1,-4.1166,13.2962,1788.41,5.78,2.015,0.1366,0.050689,8.07,1.82
508,1,-13.36,9.6752,1083.83,0.78,4.5246,0.1573,0.073516,4.15,2.9
509,0,-1.325,13.2563,2438.63,24.4,5.2225,0.3017,0.020477,4.55,1.64
510,0,0.3103,3.0188,1994.52,19.4,1.6865,0.0348,0.009653,4.05,1.97
511,0,-0.25,11.5257,2236.9,103.13,6.0655,0.1156,0.02472,4.5,1.75
512,0,-2.6727,12.9842,2337.98,11.36,6.0239,0.2516,0.028407,4.84,1.67
513,2,-6.1101,12.9759,1488.47,3.16,5.7162,0.1246,0.037185,6.67,2.0
514,2,-3.0627,14.7337,1618.49,7.79,4.3415,0.1388,0.037852,7.69,1.81
515,1,-7.0631,15.5473,1754.28,3.86,4.8982,0.1272,0.040895,8.0,1.73
516,0,-4.64,13.3809,2945.75,8.49,3.514,0.3429,0.0333,5.4,1.6
517,0,2.5,11.5257,2510.4,11.57,3.8342,0.0981,0.023114,4.5,1.75
518,0,0.135,13.0758,2548.38,246.83,4.2023,0.2208,0.024311,4.65,1.68
519,0,-13.4473,14.8703,3018.2,3.34,3.36,0.313,0.030508,5.64,1.66
520,2,-6.2572,14.8966,1745.35,4.16,5.2689,0.1552,0.037704,7.67,1.67
521,1,-6.9043,12.7211,2066.3,3.81,5.218,0.1869,0.053545,7.23,1.59
523,1,-7.6788,12.9555,2037.37,3.44,5.3618,0.1891,0.05289,7.12,1.63
524,0,-14.8724,14.8966,1756.0,1.76,5.0859,0.1231,0.027053,6.84,2.0
525,0,-1.6,13.3809,2432.55,20.34,5.2286,0.3059,0.021387,4.6,1.6
526,1,0.7228,13.1503,1802.07,32.79,1.042,0.0945,0.044922,8.56,1.67
527,0,-2.5,11.5257,2415.65,11.14,4.9654,0.3074,0.023732,4.75,1.5
528,1,-5.3504,14.3623,1809.56,4.86,2.416,0.1381,0.053344,7.85,1.81
529,2,-6.0293,14.86,1589.92,3.92,5.2512,0.123,0.036884,7.61,1.89
530,0,-11.1033,13.3719,1874.91,2.26,5.8981,0.1969,0.028494,6.52,1.83
531,0,-14.2644,13.2563,1606.59,1.49,5.8463,0.1247,0.023849,6.82,2.09
532,0,-6.3659,12.8276,2221.22,4.48,4.4997,0.1244,0.016686,4.16,1.84
533,1,-4.9781,12.2598,1589.83,3.92,4.6648,0.0973,0.023249,8.43,2.0
534,0,-4.5438,13.3262,2929.56,8.59,3.4771,0.3426,0.0334,5.43,1.58
535,1,1.7703,13.5757,1630.19,12.5,2.6774,0.1349,0.039908,8.98,1.81
536,0,-2.5265,12.2598,2312.0,11.22,6.0347,0.2323,0.029597,4.86,1.72
537,2,-8.2435,14.6211,1722.62,3.06,3.8593,0.1393,0.037716,7.61,1.89
538,2,-4.5615,13.254,1539.0,4.47,5.4437,0.1226,0.037234,7.0,1.91
539,0,-1.9949,10.6628,2409.16,12.88,2.9103,0.2267,0.027102,4.82,1.46
540,1,-4.0629,15.472,1691.95,6.44,4.5388,0.1193,0.040093,8.11,1.74
541,1,-1.7372,13.3053,1633.84,12.51,4.6692,0.1199,0.043809,7.9,1.72
542,2,-7.0631,15.5473,1754.28,3.86,4.8982,0.1272,0.03699,8.0,1.73
543,1,-3.5,11.5257,1323.98,4.36,4.2368,0.2452,0.034548,10.0,1.75
544,0,2.5,11.5257,2318.15,10.69,4.3108,0.1213,0.017211,4.25,1.75
545,0,-3.595,16.1783,2731.09,12.29,4.9784,0.3783,0.024967,4.86,1.71
546,1,-4.76,11.7645,1837.37,4.54,1.5574,0.1165,0.048369,8.35,1.75
547,0,-0.268,12.3113,2303.16,105.8,5.263,0.2129,0.022776,4.53,1.64
548,0,-16.1075,12.6292,1502.15,1.18,6.2836,0.1273,0.022056,6.23,2.23
549,0,-12.13,13.9283,1697.51,1.95,5.3838,0.1308,0.025109,7.18,1.98
550,1,-4.4967,13.6055,1785.18,5.4,2.2778,0.1385,0.052374,7.97,1.81
551,0,-9.031,13.1503,2260.74,3.29,3.2896,0.2389,0.02801,4.78,1.67
552,0,0.98,11.4488,2247.73,26.26,4.5295,0.1089,0.011664,4.1,1.95
553,0,1.875,12.4226,2316.65,15.35,4.3825,0.1072,0.016906,4.25,1.88
554,0,-11.9422,16.1862,2904.62,3.94,5.0624,0.2986,0.032099,5.72,1.57
555,2,-6.998,15.605,1813.33,4.04,4.0743,0.1245,0.037715,7.39,1.8
556,1,-7.917,12.9555,1780.44,2.91,3.8132,0.1094,0.045749,7.81,1.86
557,1,-8.1269,14.8966,1786.93,3.28,5.4178,0.1385,0.039238,8.01,1.67
558,0,0.98,11.4488,2247.73,26.26,4.5295,0.1089,0.011664,4.1,1.95
559,0,-8.6176,13.7779,2251.22,3.6,4.2876,0.0979,0.021166,4.3,1.9
560,0,2.44,11.4419,2443.6,11.46,3.9012,0.0986,0.022068,4.45,1.75
561,2,-2.24,13.3809,1599.49,9.55,4.9395,0.1184,0.037292,7.4,1.8
562,1,-6.1967,14.6919,1824.95,4.33,2.6301,0.1376,0.053992,7.73,1.82
563,1,0.7228,13.1503,1802.07,32.79,1.042,0.0945,0.044922,8.56,1.67
564,0,-31.4554,16.1783,1781.28,0.92,8.8149,0.1945,0.02024,6.14,2.14
565,1,-3.992,13.3433,1791.58,5.99,2.0328,0.1375,0.052553,7.97,1.8
566,0,-11.2878,16.1862,2876.45,4.12,3.1148,0.3111,0.028419,5.43,1.72
567,1,-10.7008,10.3968,1728.19,1.68,4.6282,0.1191,0.042654,7.96,1.92
